Date,MinTemp,MaxTemp,Rainfall,Evaporation,Sunshine,WindGustDir,WindGustSpeed,Temp9am,Humidity9am,Cloud9am,WindDir9am,WindSpeed9am,Pressure9am,Temp3pm,Humidity3pm,Cloud3pm,WindDir3pm,WindSpeed3pm,Pressure3pm,RainToday,RainTomorrow
2023-05-1,10.6,21.3,0.0,1.4,9.3,W,33.0,13.5,83.0,1,WNW,15,1015.0,19.3,43.0,1,WNW,11,1011.5,No,No
2023-05-2,11.2,22.9,0.0,5.0,9.1,W,46.0,15.9,68.0,1,WNW,19,1016.1,21.9,45.0,6,WSW,17,1014.2,No,No
2023-05-3,13.9,23.7,0.0,5.2,10.0,W,65.0,18.9,59.0,1,NNW,24,1014.4,23.3,28.0,1,WNW,35,1010.6,No,No
2023-05-4,11.6,20.8,0.0,7.4,10.0,W,48.0,14.1,52.0,1,W,26,1019.8,19.7,48.0,1,S,13,1018.5,No,No
2023-05-5,10.9,22.0,0.0,3.0,9.9,ENE,30.0,13.6,82.0,1,W,13,1019.6,20.3,60.0,1,ENE,22,1015.2,No,No
2023-05-6,10.5,22.5,0.0,4.8,10.0,W,31.0,13.6,77.0,5,WNW,17,1019.3,22.3,40.0,1,NNW,11,1015.6,No,No
2023-05-7,10.2,15.9,0.0,3.4,5.4,W,76.0,14.1,68.0,7,W,26,1015.7,15.8,48.0,3,W,30,1012.7,No,Yes
2023-05-8,7.1,16.3,10.2,4.0,4.8,W,67.0,11.6,50.0,2,W,33,1014.5,15.4,35.0,7,SSW,24,1015.8,Yes,No
2023-05-9,9.9,19.2,0.0,3.2,7.7,SSW,46.0,13.0,62.0,1,W,26,1021.0,17.7,51.0,7,S,20,1021.6,No,No
2023-05-10,9.7,19.8,0.0,4.0,9.8,W,30.0,13.1,68.0,1,WNW,24,1027.2,19.6,47.0,1,SSE,19,1025.7,No,No
2023-05-11,10.8,21.7,0.0,4.6,8.9,W,26.0,13.6,82.0,1,W,20,1030.2,20.7,62.0,2,E,13,1027.5,No,Yes
2023-05-12,11.1,22.7,1.6,2.8,9.5,W,20.0,13.9,88.0,1,WNW,17,1030.0,20.6,69.0,1,E,15,1026.9,Yes,No
2023-05-13,12.6,20.9,0.0,1.8,2.9,SSE,30.0,13.0,93.0,2,W,19,1032.0,18.6,65.0,7,SE,9,1029.7,No,Yes
2023-05-14,11.9,20.0,7.6,4.4,5.4,ESE,26.0,14.6,99.0,3,WNW,11,1030.7,18.7,83.0,7,ESE,20,1027.2,Yes,Yes
2023-05-15,12.0,20.9,3.4,2.4,4.5,E,30.0,13.9,99.0,7,WNW,17,1026.4,20.1,72.0,3, ,Calm,1022.3,Yes,No
2023-05-16,11.2,21.8,0.0,1.0,8.7,SSW,46.0,13.3,97.0,3,WNW,17,1020.1,20.5,38.0,1,SSE,20,1017.1,No,Yes
2023-05-17,11.8,17.8,30.6,4.0,5.6,SSW,54.0,14.2,80.0,7,SSW,20,1023.4,17.1,64.0,6,SSW,24,1022.1,Yes,Yes
2023-05-18,9.4,17.1,7.8,4.6,7.1,SSW,41.0,12.0,80.0,4,W,24,1021.2,16.8,62.0,8,SSW,24,1017.7,Yes,Yes
2023-05-19,8.5,19.8,0.4,2.8,9.6,W,35.0,11.4,73.0,1,W,22,1018.6,19.7,35.0,1,WNW,9,1014.9,Yes,No
2023-05-20,8.3,19.3,0.0,2.4,9.6,W,39.0,11.3,70.0,1,W,26,1016.9,18.5,41.0,3,W,19,1013.5,No,No
2023-05-21,10.2,19.4,0.0,5.0,7.9,WSW,74.0,14.7,53.0,4,NW,15,1013.9,18.4,47.0,3,W,39,1013.7,No,No
2023-05-22,8.3,20.4,0.0,3.6,9.2,W,35.0,11.8,71.0,0,W,22,1026.6,19.9,36.0,1,W,7,1024.2,No,No
2023-05-23,7.7,19.7,0.0,,9.5,WNW,26.0,11.6,66.0,0,WNW,19,1028.6,19.2,51.0,1,E,9,1026.1,No,No
2023-05-24,7.9,20.1,0.0,4.0,9.3,W,28.0,10.5,80.0,1,WNW,15,1027.2,19.1,56.0,0,E,7,1023.3,No,No
2023-05-25,8.1,20.0,0.0,2.2,3.7,NNW,26.0,11.2,72.0,6,W,7,1020.6,18.4,48.0,7,NW,2,1014.8,No,No
2023-05-26,11.1,17.5,0.0,3.6,1.6,SSE,61.0,17.4,61.0,7,S,26,1011.1,14.9,58.0,7,SSW,24,1014.0,No,No
2023-05-27,6.9,19.2,0.0,5.4,9.4,W,37.0,9.8,74.0,1,W,26,1018.5,18.5,35.0,1,NW,9,1014.8,No,No
2023-05-28,6.7,17.3,0.0,3.6,5.7,W,35.0,9.7,69.0,3,W,13,1016.1,15.7,50.0,7,NW,11,1013.0,No,No
2023-05-29,9.7,21.2,0.0,5.4,9.1,W,44.0,12.9,70.0,1,W,13,1016.9,20.3,39.0,1,WSW,30,1015.7,No,No
2023-05-30,8.9,21.6,0.0,4.0,9.2,W,33.0,12.2,73.0,2,W,13,1023.5,21.0,46.0,7,WNW,17,1019.9,No,No
2023-05-31,10.0,20.8,0.0,2.2,6.9,W,22.0,14.6,71.0,7,W,7,1020.8,19.9,57.0,7,WNW,7,1016.4,No,No
2023-06-1,14.4,19.3,0.0,2.2,1.0,SSW,28.0,15.7,76.0,7,NNW,4,1018.2,19.2,67.0,3,SE,6,1017.1,No,No
2023-06-2,12.1,19.8,0.0,1.8,8.0,WNW,24.0,14.1,96.0,4,WNW,13,1025.5,19.4,78.0,2,E,17,1022.9,No,No
2023-06-3,14.1,22.0,0.0,1.8,5.8,SSE,35.0,14.7,100.0,7,W,13,1025.3,21.1,66.0,6,SE,11,1023.7,No,No
2023-06-4,14.6,18.4,0.0,3.8,0.2,S,35.0,17.3,74.0,7,SE,17,1033.4,17.5,65.0,6,ESE,20,1031.9,No,No
2023-06-5,14.1,18.7,0.0,3.0,1.8,ENE,37.0,16.2,73.0,7,ESE,13,1032.7,15.7,86.0,7,E,6,1028.8,No,Yes
2023-06-6,13.7,19.2,5.0,3.2,2.9,ENE,22.0,14.6,99.0,8,SW,2,1029.8,19.1,75.0,6,ENE,13,1026.4,Yes,No
2023-06-7,12.1,20.7,0.0,2.6,8.3,NNE,37.0,13.8,98.0,1,WNW,11,1027.2,19.8,63.0,1,NE,20,1023.2,No,No
2023-06-8,12.8,17.8,0.0,2.2,0.6,N,31.0,15.2,87.0,7,E,2,1017.3,16.1,81.0,8,N,15,1011.8,No,Yes
2023-06-9,10.0,20.6,0.2,2.4,9.7,W,43.0,13.9,62.0,1,WNW,11,1016.4,20.2,42.0,3,W,30,1014.5,Yes,No
2023-06-10,8.9,19.0,0.0,4.0,9.1,WSW,33.0,10.4,81.0,1,WNW,15,1023.2,18.4,39.0,1,E,9,1021.4,No,No
2023-06-11,7.4,18.3,0.0,3.6,9.0,W,26.0,10.1,80.0,1,WNW,19,1026.3,18.1,52.0,1,ENE,11,1022.5,No,No
2023-06-12,7.5,19.3,0.0,0.8,4.7,W,28.0,9.0,91.0,7,W,17,1022.8,19.1,65.0,3,ENE,15,1017.8,No,No
2023-06-13,9.0,20.6,0.0,1.4,8.1,WSW,46.0,12.2,90.0,2,WNW,17,1014.7,20.2,51.0,1,NNW,26,1010.6,No,No
2023-06-14,10.2,18.6,0.0,3.4,9.3,W,48.0,13.4,61.0,1,WNW,11,1013.3,18.4,31.0,1,W,30,1012.4,No,No
2023-06-15,7.9,18.8,0.0,4.0,9.2,W,33.0,10.5,67.0,1,WNW,9,1017.9,18.7,39.0,3,W,20,1015.3,No,No
2023-06-16,8.0,19.0,0.0,3.6,9.2,W,24.0,10.6,76.0,1,W,19,1022.0,18.0,53.0,1,ESE,13,1019.8,No,No
2023-06-17,7.8,18.4,0.0,2.8,9.3,NNW,24.0,9.9,81.0,0,WNW,17,1022.4,18.1,55.0,0,E,9,1017.1,No,No
2023-06-18,7.0,19.3,0.0,3.0,7.8,WNW,48.0,10.2,79.0,0,ESE,4,1016.1,18.2,36.0,5,W,22,1012.6,No,No
2023-06-19,5.9,17.7,0.0,4.0,8.4,WSW,46.0,8.2,70.0,7,W,19,1016.8,17.4,34.0,1,NW,19,1011.5,No,No
2023-06-20,6.8,15.3,0.0,4.4,9.1,W,43.0,9.1,57.0,1,W,24,1020.5,14.8,40.0,3,SSW,19,1020.0,No,No
2023-06-21,5.2,17.3,0.0,2.2,9.1,W,33.0,7.1,71.0,1,W,22,1024.8,16.8,36.0,1,NW,9,1022.1,No,No
2023-06-22,7.1,15.2,0.0,2.0,1.0,W,26.0,9.7,73.0,7,WNW,17,1020.4,14.6,70.0,8,NNE,7,1015.7,No,Yes
2023-06-23,9.7,18.9,8.6,2.4,8.1,NW,50.0,11.6,98.0,1,WNW,9,1009.3,18.7,36.0,1,WNW,22,1006.5,Yes,No
2023-06-24,9.3,20.2,0.0,3.8,9.1,WNW,31.0,12.5,65.0,2,WNW,13,1014.4,20.0,38.0,3,NNW,15,1010.7,No,No
2023-06-25,11.6,20.3,0.0,4.4,9.2,W,61.0,14.0,48.0,1,WNW,9,1012.7,20.0,29.0,1,W,28,1009.7,No,No
2023-06-26,10.8,19.5,0.0,6.4,9.0,W,67.0,14.4,47.0,1,NW,17,1013.9,18.9,33.0,1,W,35,1012.4,No,No
2023-06-27,10.1,18.4,0.0,6.4,7.3,W,37.0,12.5,62.0,6,W,13,1021.8,18.3,43.0,7,WNW,11,1018.5,No,Yes
2023-06-28,11.0,11.7,0.8,1.4,0.0,W,30.0,11.3,86.0,7,WNW,17,1017.7,10.4,96.0,8,W,13,1012.9,Yes,Yes
2023-06-29,7.9,16.3,3.0,1.6,9.1,W,39.0,10.2,69.0,1,W,9,1017.3,16.2,40.0,1,W,20,1015.5,Yes,Yes
2023-06-30,7.5,18.9,0.2,3.0,9.2,W,46.0,10.7,60.0,0,W,30,1017.8,18.6,41.0,1,W,24,1016.6,Yes,No
2023-07-1,7.3,18.6,0.0,2.8,9.1,W,41.0,10.8,70.0,2,W,9,1020.6,18.4,43.0,2,WSW,19,1019.3,No,No
2023-07-2,7.9,17.8,0.0,5.8,8.6,SSE,33.0,10.0,73.0,2,WNW,22,1030.8,17.0,56.0,4,S,19,1029.3,No,No
2023-07-3,9.8,18.3,0.0,2.0,2.8,W,26.0,11.1,80.0,7,WNW,17,1031.2,17.2,73.0,7,ESE,11,1027.2,No,Yes
2023-07-4,11.1,15.9,2.4,1.2,0.0,N,22.0,13.2,99.0,8,WNW,4,1021.0,15.6,93.0,8,NW,11,1015.3,Yes,Yes
2023-07-5,12.4,21.6,2.0,1.0,6.5,W,26.0,12.9,99.0,7,WNW,15,1012.6,21.6,55.0,3,WNW,13,1010.4,Yes,No
2023-07-6,9.4,17.6,0.0,2.4,8.2,NW,37.0,11.1,80.0,1,W,17,1014.5,16.0,52.0,7,WNW,9,1009.7,No,No
2023-07-7,8.9,18.9,0.0,3.4,9.3,W,41.0,11.3,75.0,1,W,9,1011.2,18.1,36.0,1,WSW,24,1010.2,No,No
2023-07-8,8.7,19.7,0.0,3.4,9.3,NW,69.0,12.9,56.0,1,N,26,1013.8,19.6,32.0,1,WNW,44,1009.6,No,No
2023-07-9,11.1,19.0,0.0,5.2,9.3,W,59.0,13.7,54.0,1,WNW,33,1017.0,18.7,41.0,1,W,35,1016.3,No,No
2023-07-10,9.7,19.9,0.0,6.2,9.3,W,33.0,12.7,67.0,1,W,9,1022.5,19.7,42.0,1,WNW,9,1020.2,No,No
2023-07-11,7.4,20.3,0.0,2.8,9.4,W,35.0,10.1,70.0,0,W,20,1026.0,20.2,36.0,0,WNW,11,1024.3,No,No
2023-07-12,7.8,19.6,0.0,2.6,9.3,W,26.0,10.0,81.0,1,W,19,1030.7,18.2,59.0,1,ENE,17,1027.2,No,No
2023-07-13,7.5,21.9,0.0,2.8,9.4,W,20.0,9.0,91.0,0,WNW,13,1028.2,21.2,36.0,1,WSW,6,1024.5,No,No
2023-07-14,8.3,23.3,0.0,3.2,9.3,NW,26.0,10.8,75.0,4,WNW,7,1025.2,23.2,35.0,3,NNW,15,1020.5,No,No
2023-07-15,10.8,23.6,0.0,2.2,7.5,WNW,44.0,16.7,58.0,7,N,17,1021.2,23.1,33.0,7,WNW,22,1018.4,No,No
2023-07-16,13.5,18.1,0.0,7.4,0.0,SSW,41.0,16.4,85.0,7,SSW,9,1027.6,15.8,90.0,7,S,7,1027.7,No,Yes
2023-07-17,12.0,18.2,2.4,0.6,4.4,ENE,22.0,13.4,99.0,7,W,17,1030.6,16.8,80.0,6,ENE,11,1027.8,Yes,No
2023-07-18,10.2,21.9,0.0,2.8,6.8,,,12.2,98.0,2,WNW,17,1024.1,21.7,39.0,2,WNW,15,1018.4,No,Yes
2023-07-19,8.7,16.0,0.2,2.8,9.4,,,10.3,57.0,1,W,20,1023.4,15.5,41.0,1,S,17,1022.2,Yes,No
2023-07-20,5.1,19.5,0.0,4.0,9.4,,,7.5,81.0,2,W,22,1021.7,19.4,35.0,3,N,9,1014.3,No,No
2023-07-21,7.5,20.1,0.0,3.8,4.6,WNW,48.0,13.6,61.0,6,WNW,24,1016.5,17.6,50.0,5,SSE,20,1015.7,No,No
2023-07-22,7.1,17.0,0.0,3.2,9.2,W,35.0,9.3,65.0,2,W,28,1022.6,15.6,53.0,5,S,20,1020.6,No,No
2023-07-23,7.3,17.7,0.0,2.8,8.6,S,41.0,9.8,77.0,4,WNW,20,1023.3,17.6,49.0,4,SSW,20,1022.7,No,Yes
2023-07-24,9.8,17.1,14.0,3.8,3.8,W,33.0,12.3,100.0,5,WNW,20,1029.0,16.7,68.0,4,S,15,1028.5,Yes,No
2023-07-25,7.9,19.7,0.0,2.2,9.5,WNW,26.0,10.1,88.0,1,W,19,1036.0,16.9,69.0,2,SE,13,1034.8,No,No
2023-07-26,8.3,20.7,0.0,2.6,9.5,WSW,24.0,10.0,95.0,1,WNW,17,1036.2,19.6,53.0,0,E,11,1030.7,No,No
2023-07-27,8.1,19.5,0.0,3.0,9.7,W,30.0,10.5,76.0,1,W,22,1032.2,18.9,70.0,1,ENE,17,1026.3,No,No
2023-07-28,10.4,24.4,0.0,4.8,6.1,W,31.0,15.9,57.0,7,N,15,1021.7,24.1,35.0,5,W,20,1019.2,No,No
2023-07-29,12.8,22.6,0.0,3.8,7.3,ENE,26.0,15.4,79.0,4,WNW,11,1023.4,20.2,58.0,7,ENE,17,1019.7,No,No
2023-07-30,11.6,25.2,0.0,4.0,9.8,NW,31.0,14.6,78.0,1,W,13,1020.8,24.9,35.0,2,WNW,20,1016.0,No,No
2023-07-31,12.3,23.5,0.0,4.0,9.7,W,46.0,15.1,59.0,1,WNW,20,1022.7,23.4,33.0,0,WNW,11,1020.1,No,No
2023-08-1,10.7,21.9,0.0,4.2,9.7,W,37.0,13.4,62.0,1,W,24,1026.6,21.4,37.0,1,E,13,1026.4,No,No
2023-08-2,11.1,18.9,0.0,3.0,1.4,W,24.0,13.5,77.0,6,WNW,17,1035.8,17.6,72.0,7,E,13,1034.3,No,No
2023-08-3,9.7,21.7,0.0,1.6,9.8,NNE,31.0,12.3,97.0,1,W,11,1035.9,19.8,64.0,2,NE,17,1031.6,No,No
2023-08-4,10.1,20.7,0.0,4.0,9.8,NNE,33.0,12.1,89.0,5,WNW,9,1033.7,19.9,64.0,2,ENE,15,1028.5,No,No
2023-08-5,12.1,16.4,0.0,5.0,0.0,W,30.0,14.1,67.0,7,WNW,11,1030.0,16.3,66.0,7,E,4,1028.6,No,Yes
2023-08-6,12.2,17.0,16.6,1.4,0.5,SSW,37.0,13.5,91.0,6,W,11,1033.0,16.2,70.0,7,SSW,19,1031.2,Yes,No
2023-08-7,10.8,16.3,0.0,2.4,0.3,SW,24.0,13.5,86.0,7,SSW,13,1031.7,15.5,76.0,7,SSW,15,1029.9,No,Yes
2023-08-8,11.0,19.2,8.2,0.6,6.7,SSE,28.0,11.9,96.0,5,WNW,17,1032.5,18.0,59.0,5,SSE,17,1030.0,Yes,No
2023-08-9,11.0,20.9,0.0,3.4,8.8,N,39.0,13.4,88.0,1,W,19,1032.0,20.7,57.0,1,NE,19,1026.2,No,No
2023-08-10,12.4,23.8,0.0,3.6,9.1,W,54.0,16.6,50.0,5,N,17,1021.0,21.4,32.0,5,WNW,33,1015.7,No,No
2023-08-11,9.2,19.7,0.0,4.0,10.0,W,31.0,12.3,60.0,1,W,22,1023.2,17.7,55.0,1,ENE,17,1019.8,No,No
2023-08-12,7.7,21.3,0.0,5.2,8.5,W,28.0,11.5,73.0,1,W,11,1019.8,20.7,33.0,5,SW,13,1015.6,No,No
2023-08-13,11.5,18.5,0.0,4.2,2.9,SSE,31.0,13.8,71.0,7,W,11,1019.4,15.9,71.0,6,SSE,24,1018.1,No,Yes
2023-08-14,11.6,16.0,15.6,1.6,0.5,S,31.0,13.2,99.0,7,SSW,7,1016.9,13.6,95.0,7,SSW,15,1014.7,Yes,Yes
2023-08-15,8.3,16.7,3.0,1.4,8.6,SSE,41.0,11.2,86.0,3,W,22,1020.7,16.4,66.0,5,S,22,1020.0,Yes,Yes
2023-08-16,8.8,17.3,12.6,1.8,6.0,W,24.0,10.9,98.0,7,W,19,1023.6,15.3,73.0,6,E,15,1019.1,Yes,No
2023-08-17,8.2,21.3,0.0,3.4,9.8,WNW,24.0,10.9,92.0,1,W,19,1014.9,19.7,45.0,4,E,17,1009.4,No,Yes
2023-08-18,10.9,19.2,9.2,2.8,9.4,W,67.0,13.3,86.0,5,NW,22,1002.9,17.7,35.0,4,W,33,1003.3,Yes,Yes
2023-08-19,8.9,19.1,0.2,6.4,10.6,WSW,54.0,11.8,53.0,1,W,26,1016.3,17.9,42.0,3,W,22,1015.3,Yes,No
2023-08-20,11.0,22.5,0.0,4.2,11.0,W,33.0,14.5,66.0,1,W,22,1022.9,20.1,46.0,1,E,20,1021.0,No,No
2023-08-21,11.5,21.6,0.0,4.8,10.2,E,24.0,14.8,69.0,1,WNW,13,1023.7,18.8,59.0,1,ENE,17,1020.0,No,No
2023-08-22,10.1,24.6,0.0,4.4,7.8,NNW,44.0,13.5,77.0,6,WNW,13,1021.1,22.5,50.0,7,NE,19,1016.3,No,Yes
2023-08-23,11.4,18.6,1.0,5.2,5.0,W,50.0,14.2,58.0,1,W,28,1022.7,15.0,86.0,8,SSW,22,1023.9,Yes,Yes
2023-08-24,11.2,20.8,0.8,2.8,6.9,WNW,22.0,13.7,93.0,3,WNW,17,1029.8,18.3,57.0,5,E,11,1027.0,Yes,No
2023-08-25,9.1,,0.0,3.0,10.6,SSW,24.0,12.6,80.0,1,WNW,17,1027.0,20.6,55.0,3,SE,17,1024.9,No,No
2023-08-26,10.3,20.2,0.0,3.6,9.4,SSE,28.0,13.8,84.0,5,WNW,17,1029.4,18.4,68.0,3,SSE,15,1027.4,No,No
2023-08-27,10.5,20.5,0.0,,9.4,E,24.0,14.0,90.0,2,W,13,1029.0,19.5,61.0,4,E,17,1026.3,No,No
2023-08-28,10.7,20.4,0.0,3.2,8.7,NE,33.0,14.3,90.0,3,W,11,1026.8,19.8,60.0,5,ENE,20,1022.3,No,No
2023-08-29,11.0,20.9,0.0,4.8,10.5,NNE,31.0,14.2,90.0,1,W,7,1021.3,20.3,63.0,2,ENE,17,1016.2,No,No
2023-08-30,11.8,27.5,0.0,5.2,6.8,SSW,52.0,15.4,71.0,3,W,4,1014.3,20.9,62.0,7,ENE,13,1010.2,No,Yes
2023-08-31,11.5,20.5,9.4,4.6,9.7,S,39.0,15.1,85.0,3,W,17,1016.7,18.5,69.0,3,SE,13,1014.7,Yes,Yes
2023-09-1,11.1,18.5,0.4,3.8,8.6,SSE,63.0,13.5,79.0,6,WNW,11,1019.7,17.0,47.0,2,SSE,37,1019.2,Yes,Yes
2023-09-2,8.7,18.7,0.4,5.8,10.3,S,37.0,12.7,65.0,3,W,17,1023.7,18.2,59.0,3,S,17,1020.4,Yes,Yes
2023-09-3,10.3,21.0,0.2,4.6,7.9,ESE,24.0,13.2,84.0,6,WNW,9,1022.6,19.2,55.0,5,ESE,17,1018.7,Yes,No
2023-09-4,10.3,20.6,0.0,3.0,9.7,NE,41.0,14.6,80.0,2,W,6,1017.1,20.1,65.0,4,ENE,22,1011.2,No,No
2023-09-5,13.5,25.5,0.0,3.6,9.8,WSW,48.0,18.9,56.0,1,W,31,1010.9,24.8,18.0,1,W,19,1011.3,No,No
2023-09-6,10.4,21.0,0.0,7.0,10.7,NNE,48.0,15.7,56.0,0,NW,2,1023.2,19.9,51.0,0,NE,22,1019.6,No,No
2023-09-7,10.3,25.3,0.0,6.0,10.2,NW,69.0,13.8,78.0,1,W,13,1020.0,21.2,67.0,1,NE,20,1013.4,No,Yes
2023-09-8,13.0,19.1,5.0,9.2,3.7,NW,74.0,13.1,92.0,7,W,20,1016.8,18.6,32.0,1,WNW,28,1014.8,Yes,Yes
2023-09-9,9.3,19.7,2.8,4.4,10.7,W,44.0,12.9,47.0,0,WSW,24,1025.5,17.2,35.0,1,SE,19,1024.2,Yes,No
2023-09-10,7.3,19.8,0.0,5.0,9.8,W,31.0,12.6,57.0,1,W,17,1030.5,18.0,51.0,1,ESE,19,1027.8,No,No
2023-09-11,8.3,20.8,0.0,3.4,10.5,ESE,30.0,13.5,65.0,2,WNW,17,1032.4,19.1,47.0,5,ESE,19,1029.7,No,No
2023-09-12,9.4,21.2,0.0,4.4,6.3,W,22.0,14.4,75.0,2,WNW,13,1031.1,17.5,66.0,7,E,13,1027.5,No,No
2023-09-13,10.3,23.3,0.0,3.0,10.4,E,24.0,15.3,79.0,0,WNW,15,1028.8,21.4,56.0,1,ENE,15,1026.0,No,No
2023-09-14,10.9,23.1,0.0,4.8,10.2,E,22.0,16.5,66.0,1,WNW,13,1028.8,22.0,52.0,1,ENE,13,1025.3,No,No
2023-09-15,12.0,23.9,0.0,5.4,10.1,NNE,37.0,17.1,64.0,7,W,11,1025.1,23.7,48.0,3,NE,15,1020.7,No,No
2023-09-16,13.9,31.8,0.0,5.6,10.8,ENE,31.0,20.2,51.0,0,WNW,9,1022.2,29.4,31.0,0,ENE,24,1017.2,No,No
2023-09-17,16.7,32.8,0.0,10.2,10.9,WNW,24.0,22.9,41.0,0,WNW,19,1022.6,32.6,19.0,0,NW,11,1018.3,No,No
2023-09-18,14.3,29.8,0.0,8.0,10.7,NE,35.0,20.6,49.0,0,W,17,1021.5,27.4,41.0,0,ESE,15,1015.8,No,No
2023-09-19,16.4,34.6,0.0,8.4,10.6,NNW,41.0,25.4,39.0,0,E,2,1017.0,27.4,47.0,1,E,4,1010.7,No,No
2023-09-20,20.5,33.9,0.0,11.6,10.5,WNW,67.0,27.2,26.0,1,NW,31,1010.2,33.6,18.0,1,NW,35,1005.6,No,No
2023-09-21,16.0,23.0,0.0,13.8,10.1,WSW,54.0,20.0,38.0,2,W,26,1015.7,20.0,56.0,5,SE,24,1018.0,No,Yes
2023-09-22,11.1,19.4,9.4,8.2,4.9,S,39.0,14.1,84.0,6,W,13,1029.7,17.0,59.0,2,SSE,20,1028.0,Yes,Yes
2023-09-23,9.3,20.9,1.6,4.6,6.0,ESE,24.0,17.3,67.0,7,WNW,11,1030.8,19.7,49.0,5,E,15,1027.6,Yes,No
2023-09-24,12.1,21.2,0.0,3.0,5.3,E,28.0,16.5,70.0,7,WNW,11,1029.4,20.0,50.0,1,E,20,1025.3,No,No
2023-09-25,11.2,23.3,0.0,6.6,10.3,E,31.0,18.2,68.0,0,W,11,1024.2,22.4,60.0,1,NE,13,1018.5,No,No
2023-09-26,13.8,21.6,0.0,5.8,5.2,SSW,39.0,19.6,82.0,7,SSW,24,1022.1,21.0,64.0,4,SE,13,1019.5,No,Yes
2023-09-27,14.8,24.0,1.4,3.2,4.9,E,24.0,18.1,91.0,7,W,4,1020.7,21.7,72.0,5,E,17,1018.4,Yes,Yes
2023-09-28,15.2,21.5,9.8,4.2,4.3,SE,31.0,17.9,83.0,7,SSE,13,1028.9,20.4,69.0,4,E,19,1025.5,Yes,No
2023-09-29,13.3,25.8,0.0,3.8,10.5,ESE,26.0,19.5,78.0,1,W,9,1024.4,23.0,64.0,0,ESE,19,1020.9,No,No
2023-09-30,14.6,25.0,0.0,4.0,9.7,NNE,35.0,21.1,82.0,1,NNE,15,1023.1,23.2,74.0,0,ENE,19,1016.4,No,No
2023-10-1,16.5,35.6,0.0,6.8,9.6,S,65.0,22.7,50.0,7,WNW,9,1013.2,35.5,17.0,2,W,33,1008.0,No,No
2023-10-2,16.2,23.4,0.0,12.6,9.8,SSE,46.0,19.0,63.0,5,SE,13,1023.6,22.4,59.0,2,E,22,1020.3,No,No
2023-10-3,17.1,35.7,0.0,5.4,9.2,N,52.0,21.2,75.0,3,ESE,7,1016.4,35.2,21.0,5,NNW,30,1011.2,No,No
2023-10-4,20.0,27.9,0.0,14.6,0.9,NNW,65.0,21.1,69.0,8,NE,17,1011.8,25.9,43.0,8,N,28,1008.4,No,Yes
2023-10-5,12.9,23.1,8.2,5.4,11.3,NW,54.0,15.6,48.0,1,WNW,31,1014.5,22.6,22.0,1,WSW,28,1015.8,Yes,Yes
2023-10-6,11.6,22.9,0.2,7.6,7.1,SSE,48.0,15.1,57.0,2,W,22,1024.3,18.0,66.0,7,SSE,31,1025.2,Yes,Yes
2023-10-7,11.5,20.1,1.8,5.6,11.1,SSE,43.0,14.1,70.0,5,SSW,17,1031.8,19.0,54.0,5,SSE,17,1030.2,Yes,No
2023-10-8,12.6,22.9,0.0,6.6,8.9,ESE,26.0,15.4,74.0,7,W,13,1032.8,21.1,55.0,4,E,19,1029.4,No,No
2023-10-9,11.7,23.2,0.0,5.2,11.4,ENE,37.0,14.8,81.0,1,W,11,1027.1,22.0,54.0,1,ENE,22,1021.8,No,No
2023-10-10,13.6,23.6,0.0,6.4,7.6,ESE,31.0,17.7,84.0,7,WNW,9,1023.5,22.7,64.0,5,ESE,22,1021.4,No,No
2023-10-11,15.5,24.3,0.0,6.2,10.2,NNE,44.0,18.4,84.0,4,W,9,1024.6,23.7,63.0,1,NE,26,1021.1,No,No
2023-10-12,14.4,33.2,0.0,7.4,11.0,SSW,72.0,17.1,91.0,4,W,7,1017.9,32.8,23.0,1,ENE,26,1009.1,No,Yes
2023-10-13,12.8,24.7,2.4,10.4,11.2,W,46.0,15.0,54.0,1,W,24,1017.9,22.6,42.0,1,E,22,1015.3,Yes,No
2023-10-14,13.6,30.1,0.0,6.6,9.8,W,37.0,17.6,55.0,3,W,17,1017.9,29.3,29.0,4,NW,6,1012.2,No,No
2023-10-15,14.5,24.6,0.0,8.6,11.7,WSW,39.0,17.6,51.0,2,WNW,11,1018.5,23.3,44.0,2,ESE,19,1012.9,No,No
2023-10-16,14.6,26.5,0.0,8.0,6.3,WNW,85.0,18.9,60.0,6,W,13,1011.6,24.1,28.0,7,W,46,1009.5,No,Yes
2023-10-17,9.8,,0.4,6.2,4.1,SSW,54.0,13.0,85.0,7,WSW,19,1026.0,18.4,69.0,7,SSW,28,1028.0,Yes,Yes
2023-10-18,12.6,22.3,3.8,4.8,7.1,ESE,33.0,15.8,93.0,7,WNW,13,1030.5,21.0,51.0,2,ESE,19,1028.3,Yes,Yes
2023-10-19,12.9,23.9,2.6,4.8,5.4,ENE,33.0,17.3,79.0,7,WNW,15,1026.0,21.7,53.0,6,NE,19,1021.3,Yes,No
2023-10-20,13.5,25.6,0.0,5.4,12.1,ENE,41.0,16.8,88.0,1,W,9,1020.0,24.5,59.0,1,NE,20,1015.7,No,No
2023-10-21,16.1,25.7,0.0,7.2,10.3,NE,52.0,18.8,95.0,3,W,9,1017.2,23.6,71.0,6,NE,30,1012.6,No,No
2023-10-22,16.9,28.7,0.0,8.0,11.7,NNE,37.0,20.9,73.0,1,WSW,6,1009.7,27.1,51.0,1,E,20,1007.3,No,No
2023-10-23,14.1,27.1,0.0,7.6,12.3,ENE,31.0,18.8,48.0,2,W,13,1013.8,24.6,45.0,2,ENE,26,1010.3,No,No
2023-10-24,14.8,26.2,0.0,7.8,11.9,NE,43.0,18.8,78.0,2,WNW,11,1014.6,24.8,63.0,1,NE,20,1009.3,No,No
2023-10-25,18.8,24.6,0.0,9.4,9.7,SSW,48.0,20.2,78.0,3,SSW,24,1011.9,23.6,60.0,5,SE,17,1010.8,No,Yes
2023-10-26,12.7,16.4,3.2,7.8,0.2,SSE,56.0,14.2,78.0,7,S,11,1022.4,15.6,60.0,7,SSE,35,1022.8,Yes,Yes
2023-10-27,11.6,19.4,14.0,6.6,7.7,SSE,56.0,14.9,84.0,7,SSE,30,1030.0,18.2,57.0,7,SSE,30,1029.9,Yes,Yes
2023-10-28,12.1,22.6,2.4,6.4,5.3,SE,31.0,15.4,77.0,7,WNW,15,1030.0,19.3,57.0,6,E,13,1027.2,Yes,No
2023-10-29,12.4,25.1,0.0,5.4,11.9,NE,43.0,17.6,70.0,0,NNW,11,1021.5,24.2,51.0,3,NE,22,1016.6,No,No
2023-10-30,14.9,31.3,0.0,8.4,9.3,NE,44.0,20.3,64.0,3,ESE,9,1013.4,27.5,46.0,6,NE,20,1006.4,No,No
2023-10-31,20.3,29.8,0.0,11.8,11.3,WNW,69.0,25.7,31.0,4,W,24,1009.0,23.9,50.0,2,SSE,33,1013.1,No,No
2023-11-1,16.0,22.3,0.0,10.0,5.1,SSE,39.0,19.0,68.0,5,S,11,1021.1,21.4,52.0,5,SE,24,1019.6,No,No
2023-11-2,14.5,23.1,0.0,6.8,7.1,SW,31.0,18.7,69.0,5,SSW,11,1022.1,22.0,54.0,3,ESE,19,1019.4,No,Yes
2023-11-3,16.3,24.5,4.4,6.0,4.2,ESE,31.0,18.8,86.0,7,S,2,1020.2,22.8,67.0,6,ESE,20,1017.4,Yes,No
2023-11-4,16.9,22.3,0.0,5.2,1.4,SE,50.0,20.9,79.0,7,ENE,15,1021.2,18.9,92.0,8,SSE,15,1021.4,No,Yes
2023-11-5,15.6,20.2,16.8,,0.1,ESE,44.0,15.9,100.0,8,ESE,33,1026.5,18.7,66.0,8,ESE,24,1026.8,Yes,Yes
2023-11-6,13.7,22.0,3.0,3.8,5.4,ENE,31.0,17.8,83.0,6,WNW,6,1026.8,21.4,63.0,6,E,22,1023.6,Yes,Yes
2023-11-7,14.0,24.2,0.2,5.2,11.6,ENE,46.0,19.6,76.0,4,WNW,4,1023.3,23.6,61.0,5,NE,28,1019.2,Yes,No
2023-11-8,15.8,25.9,0.0,7.4,10.7,ENE,44.0,21.1,81.0,5,E,4,1019.6,24.2,71.0,5,E,30,1015.9,No,No
2023-11-9,17.7,25.5,0.0,8.6,5.8,ENE,43.0,21.2,87.0,5,ENE,9,1017.0,22.5,76.0,5,NE,19,1013.5,No,Yes
2023-11-10,16.2,25.1,10.6,5.2,11.8,E,46.0,19.1,92.0,6,WSW,13,1018.0,24.3,73.0,3,ENE,31,1016.7,Yes,Yes
2023-11-11,18.6,27.1,0.2,6.2,12.2,NNE,56.0,22.2,87.0,1,ENE,9,1018.9,26.3,66.0,6,NE,22,1014.4,Yes,No
2023-11-12,18.2,26.3,0.0,11.0,7.9,S,44.0,21.2,77.0,2,S,15,1016.7,23.1,78.0,7,ESE,17,1012.8,No,Yes
2023-11-13,17.5,23.2,0.8,6.4,6.3,SSE,44.0,18.4,87.0,7,SSE,17,1019.2,22.9,59.0,6,ESE,19,1017.1,Yes,Yes
2023-11-14,16.3,25.2,0.2,8.0,9.5,E,35.0,21.8,75.0,3,N,11,1014.9,23.6,71.0,5,E,24,1012.1,Yes,Yes
2023-11-15,19.6,26.2,0.4,7.8,6.8,S,41.0,21.8,89.0,7,ESE,9,1012.8,24.4,74.0,7,S,24,1010.5,Yes,No
2023-11-16,19.6,27.1,0.0,5.8,9.1,,,23.0,77.0,5,SE,4,1010.0,23.9,68.0,7,ESE,24,1008.2,No,Yes
2023-11-17,15.7,22.8,12.6,7.4,10.1,SSE,54.0,18.3,66.0,7,S,26,1017.3,21.5,56.0,6,S,30,1017.7,Yes,Yes
2023-11-18,14.6,24.4,0.6,9.0,12.7,NE,44.0,20.6,69.0,4,N,15,1021.4,23.4,56.0,2,NE,26,1019.4,Yes,No
2023-11-19,15.6,26.1,0.0,9.6,12.6,NE,54.0,21.4,69.0,1,NE,15,1021.2,25.2,63.0,1,NE,26,1017.9,No,No
2023-11-20,19.4,24.8,0.0,8.4,0.1,NNE,44.0,21.6,85.0,8,NW,9,1019.5,23.8,79.0,8,NE,13,1017.5,No,Yes
2023-11-21,18.6,25.8,3.4,6.0,3.1,ENE,48.0,19.5,98.0,7,ESE,6,1019.8,23.6,75.0,7,SSW,15,1017.4,Yes,No
2023-11-22,18.8,26.6,0.0,4.0,9.3,SSE,50.0,23.4,75.0,6,SSW,19,1021.1,25.7,63.0,4,SSE,31,1020.2,No,Yes
2023-11-23,19.1,24.7,0.8,2.8,2.4,SSW,43.0,21.1,91.0,7,SSW,19,1022.8,20.7,97.0,7,S,20,1021.8,Yes,Yes
2023-11-24,18.7,23.6,14.8,4.2,0.0,NE,35.0,20.1,,8,W,4,1021.5,22.5,89.0,8,E,15,1018.9,Yes,Yes
2023-11-25,18.3,23.3,6.0,2.2,0.1,NE,37.0,20.2,100.0,8,NNE,13,1015.8,21.4,93.0,7,NE,19,1011.9,Yes,Yes
2023-11-26,18.5,32.0,1.8,3.2,10.4,NE,37.0,22.6,89.0,3,ESE,2,1010.7,26.4,65.0,6,ESE,24,1008.8,Yes,Yes
2023-11-27,20.4,26.8,0.2,7.0,11.7,SSE,33.0,23.3,83.0,7,SSE,26,1013.0,24.3,77.0,7,ESE,24,1011.9,Yes,No
2023-11-28,20.2,21.3,0.0,6.8,0.0,E,50.0,21.0,88.0,8,E,20,1015.8,20.6,93.0,8,E,33,1013.1,No,Yes
2023-11-29,19.6,25.7,9.4,2.6,3.4,NE,56.0,21.1,99.0,7,NE,20,1005.6,22.3,90.0,7,NE,26,1000.9,Yes,Yes
2023-11-30,16.8,27.3,33.8,0.8,7.3,,,20.3,92.0,2,ESE,6,1002.1,27.0,54.0,7,N,20,999.3,Yes,Yes
2023-12-1,17.9,26.6,0.4,6.8,10.1,S,35.0,22.9,75.0,4,SW,7,1006.0,25.6,63.0,5,ESE,20,1004.2,Yes,No
2023-12-2,19.8,27.2,0.0,6.2,2.7,WNW,46.0,21.4,83.0,7,S,7,1009.1,24.0,81.0,7,ESE,15,1007.7,No,Yes
2023-12-3,15.6,26.7,12.6,4.8,11.5,E,52.0,20.3,87.0,1,WNW,9,1013.2,25.6,61.0,4,SSE,26,1012.6,Yes,Yes
2023-12-4,18.7,26.2,0.6,8.0,11.5,E,28.0,19.4,87.0,7,WNW,11,1019.7,25.0,60.0,4,E,19,1017.4,Yes,Yes
2023-12-5,17.2,28.5,0.2,7.0,12.9,E,31.0,23.6,73.0,2,NNE,13,1017.0,27.5,64.0,1,E,15,1012.4,Yes,No
2023-12-6,21.4,26.8,0.0,11.2,11.2,S,57.0,23.7,76.0,1,S,17,1018.0,25.7,64.0,2,SE,19,1017.3,No,No
2023-12-7,18.9,26.5,0.0,7.2,9.6,ENE,31.0,23.2,79.0,6,NNE,13,1017.6,25.8,72.0,7,E,17,1017.7,No,No
2023-12-8,20.3,29.5,0.0,7.4,10.8,,,25.5,77.0,2,ESE,9,1017.0,27.5,76.0,4,ENE,20,1012.9,No,No
2023-12-9,22.6,40.0,0.0,10.6,9.6,S,72.0,29.0,70.0,1,E,11,1011.2,31.2,54.0,7,SE,15,1008.3,No,Yes
2023-12-10,20.3,27.6,1.2,9.8,3.8,S,65.0,21.0,100.0,7,SSW,20,1019.4,26.8,76.0,6,S,15,1017.1,Yes,No
2023-12-11,20.7,29.4,0.0,4.0,10.3,ESE,28.0,24.8,84.0,5,E,2,1017.3,28.7,68.0,3,ESE,19,1016.2,No,No
2023-12-12,21.5,29.3,0.0,7.6,8.1,E,33.0,25.9,79.0,6,ESE,11,1020.2,28.8,64.0,5,E,22,1017.3,No,No
2023-12-13,20.4,29.2,0.0,7.8,10.2,WSW,65.0,25.4,83.0,6,NE,13,1016.3,29.1,69.0,3,ENE,28,1011.0,No,Yes
2023-12-14,21.9,38.9,2.2,9.6,11.6,W,65.0,27.1,77.0,6,N,9,1006.2,38.7,23.0,4,W,33,1001.7,Yes,No
2023-12-15,21.1,28.3,0.0,12.6,12.2,ENE,43.0,25.1,69.0,2,SE,11,1011.1,26.1,62.0,1,E,20,1008.4,No,No
2023-12-16,19.7,35.3,0.0,9.0,12.5,W,39.0,24.6,75.0,2,W,15,1005.7,31.9,45.0,1,E,20,1003.4,No,No
2023-12-17,20.4,28.5,0.0,11.2,8.3,E,39.0,22.3,77.0,7,E,19,1015.2,27.5,56.0,2,E,26,1014.1,No,No
2023-12-18,20.3,29.0,0.0,9.2,4.3,E,30.0,23.9,83.0,8,ESE,9,1015.4,27.8,72.0,1,E,19,1011.3,No,No
2023-12-19,23.4,33.5,0.0,4.0,0.0,S,67.0,25.1,91.0,8,WNW,6,1010.6,32.2,53.0,8,N,22,1007.7,No,Yes
2023-12-20,18.2,18.5,9.2,8.2,0.0,S,57.0,18.3,98.0,8,S,31,1013.3,17.3,98.0,8,SSW,30,1014.1,Yes,Yes
2023-12-21,16.4,22.0,22.2,1.8,2.6,SSW,59.0,18.4,98.0,8,SSW,24,1015.6,21.8,69.0,7,SSW,33,1016.0,Yes,Yes
2023-12-22,16.2,25.6,2.0,5.8,12.7,SSE,44.0,20.6,65.0,4,SSW,15,1017.5,25.0,41.0,6,SSE,28,1014.8,Yes,Yes
2023-12-23,16.5,25.9,3.2,8.2,8.2,SSW,30.0,20.0,87.0,7,SSW,9,1014.3,25.2,63.0,2,ESE,20,1010.0,Yes,Yes
2023-12-24,19.7,24.4,0.4,7.2,1.1,SW,56.0,21.1,81.0,7,ESE,15,1008.5,21.1,98.0,7,ENE,15,1006.3,Yes,Yes
2023-12-25,17.9,27.9,23.4,,6.1,ENE,50.0,20.5,98.0,7,WNW,7,1007.3,27.1,74.0,5,E,19,1004.9,Yes,Yes
2023-12-26,20.4,29.7,0.6,5.4,4.7,ENE,46.0,23.8,90.0,6,SW,15,1007.7,24.3,86.0,6,E,11,1005.7,Yes,Yes
2023-12-27,19.8,26.3,0.2,4.0,8.5,WSW,78.0,23.0,79.0,5,SSW,15,1009.5,17.2,95.0,7,WSW,4,1008.7,Yes,Yes
2023-12-28,17.0,29.5,10.2,5.8,13.3,ESE,30.0,22.7,74.0,4,W,13,1010.5,27.5,48.0,4,ESE,20,1009.4,Yes,No
2023-12-29,19.6,26.6,0.0,8.0,0.9,WNW,28.0,23.8,86.0,7,SSE,7,1012.5,25.3,79.0,8,E,15,1011.4,No,No
2023-12-30,19.2,27.7,0.0,3.8,11.6,ESE,46.0,22.7,68.0,3,S,7,1010.9,25.9,63.0,3,ESE,20,1009.3,No,Yes
2023-12-31,17.0,21.6,9.6,9.2,0.0,E,35.0,19.4,77.0,8,SSE,15,1020.9,20.8,70.0,8,ESE,17,1021.6,Yes,Yes
2024-01-1,18.6,24.8,7.4,2.2,0.7,ENE,41.0,20.7,98.0,6,W,7,1023.5,23.5,78.0,8,ENE,17,1021.0,Yes,No
2024-01-2,20.7,27.6,0.0,5.2,10.8,NE,48.0,24.7,82.0,6,NE,20,1020.1,25.6,80.0,6,NE,26,1017.8,No,No
2024-01-3,20.6,27.5,0.0,11.8,8.5,ENE,46.0,24.6,80.0,2,NE,17,1017.5,26.1,70.0,6,ENE,31,1014.9,No,No
2024-01-4,20.9,26.9,0.0,7.6,4.9,S,48.0,25.0,87.0,7,WNW,9,1015.5,22.9,91.0,8,SSW,17,1017.0,No,Yes
2024-01-5,20.1,26.0,1.8,5.0,9.3,SSE,41.0,23.3,67.0,7,SSE,22,1022.0,24.6,59.0,6,SSE,26,1021.9,Yes,No
2024-01-6,17.9,27.8,0.0,7.6,8.6,ENE,41.0,22.2,68.0,5,ESE,2,1022.7,26.0,56.0,5,E,17,1020.5,No,No
2024-01-7,19.5,27.8,,8.0,11.4,NE,50.0,23.6,71.0,7,ENE,19,1019.4,26.6,68.0,7,NE,31,1015.6,No,No
2024-01-8,21.4,27.3,0.0,11.8,0.8,NNE,39.0,25.3,75.0,7,ESE,7,1011.8,23.6,93.0,7,NNE,15,1010.0,No,Yes
2024-01-9,21.2,28.0,2.8,3.2,9.9,S,44.0,23.7,80.0,2,S,28,1013.2,25.7,72.0,7,SSE,22,1012.6,Yes,No
2024-01-10,21.4,29.3,0.0,7.0,6.8,E,35.0,24.1,82.0,8,E,9,1015.1,28.7,69.0,1,ENE,26,1013.2,No,No
2024-01-11,23.0,30.8,0.0,7.6,6.6,SSE,31.0,26.0,92.0,5,ESE,11,1018.8,29.1,76.0,7,SE,17,1019.8,No,Yes
2024-01-12,22.6,30.1,0.4,7.2,10.9,E,37.0,25.0,92.0,7,NE,6,1021.4,29.2,70.0,3,E,28,1019.4,Yes,No
2024-01-13,20.7,29.9,0.0,7.8,11.2,SSW,41.0,23.9,91.0,3,W,4,1016.5,28.9,69.0,2,E,26,1013.1,No,Yes
2024-01-14,20.3,26.7,5.0,10.8,4.2,SE,54.0,23.3,86.0,7,SSW,20,1017.9,25.8,82.0,7,SE,22,1017.5,Yes,Yes
2024-01-15,19.3,23.7,62.2,6.6,1.2,SE,56.0,20.4,97.0,8,SE,33,1021.7,23.4,72.0,7,ESE,30,1021.9,Yes,Yes
2024-01-16,19.0,26.0,4.4,5.8,0.7,E,41.0,21.5,94.0,7,W,11,1018.7,23.9,83.0,7,E,17,1015.1,Yes,Yes
2024-01-17,21.0,28.6,0.8,2.4,,NNE,44.0,24.2,84.0,6,NE,9,1010.0,26.2,83.0,7,NE,20,1005.5,Yes,Yes
2024-01-18,21.2,29.7,39.6,,,S,31.0,24.1,98.0,3,WNW,6,1002.9,28.7,75.0,1,ESE,20,1001.9,Yes,No
2024-01-19,18.5,29.1,0.0,,12.1,WSW,39.0,21.9,54.0,1,WSW,20,1007.3,28.5,44.0,1,ESE,20,1007.7,No,No
2024-01-20,21.7,26.5,0.0,23.6,7.8,ENE,44.0,24.0,73.0,6,ENE,19,1012.4,25.3,69.0,7,ENE,22,1009.7,No,No
2024-01-21,20.6,33.9,0.0,8.0,12.5,S,78.0,23.4,88.0,1,WNW,9,1006.7,33.4,57.0,1,ENE,15,1002.0,No,No
2024-01-22,21.2,24.9,0.0,12.0,2.8,S,56.0,21.9,72.0,8,S,20,1012.0,24.0,66.0,7,SSE,30,1013.1,No,Yes
2024-01-23,19.0,27.0,2.0,7.4,4.3,E,37.0,19.8,100.0,7,ESE,6,1016.5,24.6,64.0,7,E,20,1014.7,Yes,Yes
2024-01-24,18.4,29.8,0.2,4.6,7.3,E,35.0,22.6,81.0,1,N,17,1013.4,29.3,63.0,7,NE,13,1010.3,Yes,No
2024-01-25,22.6,32.1,0.0,7.2,1.5,S,33.0,26.6,81.0,7,W,22,1008.8,27.5,68.0,7,SSE,13,1008.9,No,No
2024-01-26,24.0,38.5,0.0,,4.7,S,65.0,30.5,54.0,4,WNW,15,1000.9,27.8,72.0,7,S,35,1001.5,No,No
2024-01-27,20.5,24.6,0.0,,,E,31.0,21.1,88.0,8,NE,2,1008.1,21.5,89.0,8,E,11,1006.3,No,Yes
2024-01-28,19.0,27.8,0.2,,7.8,SE,41.0,22.4,86.0,5,SSW,19,1011.0,25.4,70.0,3,SE,22,1011.6,Yes,No
2024-01-29,21.1,29.4,0.0,21.2,12.4,NE,48.0,23.1,89.0,1,N,17,1013.0,28.5,73.0,1,NE,31,1009.2,No,Yes
2024-01-30,23.1,27.0,0.6,10.0,3.1,S,44.0,24.1,96.0,7,S,9,1014.0,24.7,82.0,7,S,24,1013.3,Yes,Yes
2024-01-31,21.9,28.0,2.4,4.0,4.4,SSE,41.0,23.6,90.0,7,SSW,19,1013.6,26.6,82.0,7,S,24,1012.6,Yes,Yes
2024-02-1,20.4,29.0,0.4,6.8,8.2,ENE,33.0,21.8,87.0,8,SSW,9,1014.1,27.9,73.0,2,E,22,1008.8,Yes,No
2024-02-2,21.7,31.2,0.0,6.6,9.8,S,39.0,24.6,91.0,2,S,11,1007.6,29.0,64.0,1,ESE,22,1006.6,No,No
2024-02-3,21.9,28.4,0.0,,6.6,NE,43.0,23.6,71.0,7,ENE,13,1014.0,27.7,61.0,1,NE,26,1011.5,No,No
2024-02-4,21.2,31.0,0.0,,7.8,NNE,48.0,23.7,84.0,7,NNW,6,1010.8,29.5,66.0,7,ENE,20,1006.4,No,No
2024-02-5,23.7,34.3,0.0,,2.4,SSE,31.0,28.0,81.0,7,ESE,6,1008.3,29.6,75.0,7,SSE,15,1007.9,No,Yes
2024-02-6,21.2,24.1,22.2,29.6,0.3,S,63.0,22.0,100.0,8,WSW,20,1009.9,21.7,85.0,8,S,35,1012.4,Yes,No
2024-02-7,18.4,24.6,0.0,7.2,3.3,SSW,52.0,19.7,74.0,6,SSW,26,1020.9,22.7,73.0,7,SSW,28,1021.3,No,Yes
2024-02-8,19.6,25.1,0.2,6.8,5.7,SSE,43.0,22.3,60.0,5,SE,19,1025.2,23.0,62.0,7,S,17,1024.3,Yes,No
2024-02-9,16.6,24.3,0.0,7.4,0.1,SSW,48.0,20.5,71.0,6,WNW,20,1022.3,23.7,63.0,7,SSW,24,1020.3,No,Yes
2024-02-10,19.7,26.1,8.2,8.0,8.6,SSE,52.0,20.0,96.0,7,SSW,17,1024.3,24.5,61.0,4,SE,24,1024.7,Yes,Yes
2024-02-11,18.4,27.1,1.2,9.0,6.2,ENE,30.0,20.3,84.0,3,WNW,11,1024.2,26.5,61.0,7,E,17,1022.0,Yes,No
2024-02-12,20.1,,0.0,,11.4,ENE,41.0,23.3,79.0,2,NNE,9,1021.5,28.4,56.0,1,ENE,24,1017.6,No,No
2024-02-13,21.4,30.6,0.0,13.4,9.5,NNE,50.0,23.6,82.0,1,ENE,7,1016.8,30.2,53.0,2,NE,28,1011.9,No,Yes
2024-02-14,21.9,31.1,0.2,9.0,4.6,SSE,57.0,26.2,65.0,6,NNW,9,1010.9,27.8,66.0,5,SSE,35,1013.4,Yes,Yes
2024-02-15,19.0,21.8,3.6,6.4,0.0,SSE,24.0,19.1,90.0,8,S,9,1021.6,21.4,80.0,8,S,11,1021.7,Yes,Yes
2024-02-16,18.9,28.3,61.4,2.6,3.7,SSW,35.0,21.2,97.0,8,WNW,9,1022.2,27.1,73.0,6,E,19,1020.0,Yes,No
2024-02-17,21.2,30.6,0.0,2.8,10.1,E,26.0,23.6,87.0,6,SE,4,1021.0,26.1,72.0,7,E,22,1018.7,No,No
2024-02-18,21.2,30.7,0.0,8.0,6.8,ESE,22.0,23.9,89.0,7,NW,6,1019.8,26.2,78.0,7,ENE,17,1016.6,No,No
2024-02-19,22.4,,0.0,4.2,0.5,SSE,63.0,22.9,87.0,7,SSW,19,1018.3,,,8,NNE,7,1019.9,No,No
2024-02-20,,23.1,,9.0,3.2,NNW,44.0,21.9,87.0,7,SSW,9,1018.8,20.2,93.0,8,SSW,11,1018.1,No,Yes
2024-02-21,18.8,27.7,22.6,5.6,9.1,E,43.0,21.5,95.0,7,W,9,1017.4,25.9,72.0,7,SSE,17,1015.5,Yes,No
2024-02-22,20.2,29.6,0.0,4.4,11.7,NE,30.0,21.7,94.0,4,WNW,11,1015.3,28.7,66.0,1,E,19,1010.2,No,No
2024-02-23,21.6,36.8,0.0,7.0,6.9,S,59.0,23.4,91.0,3,WNW,13,1007.9,34.9,44.0,6,NW,13,1004.4,No,Yes
2024-02-24,19.6,21.6,3.0,8.6,0.3,SSE,50.0,19.6,87.0,8,SSE,26,1016.0,21.0,71.0,8,SSE,20,1017.9,Yes,Yes
2024-02-25,15.9,28.3,0.6,4.0,11.7,E,31.0,17.9,85.0,1,W,17,1019.2,26.2,59.0,1,E,24,1014.3,Yes,No
2024-02-26,17.9,27.9,0.0,6.6,7.2,SSE,50.0,21.1,90.0,5,WNW,13,1013.8,24.5,76.0,7,S,19,1015.1,No,Yes
2024-02-27,20.4,24.6,1.0,6.6,0.0,SSE,28.0,20.5,91.0,8,SSW,6,1019.4,23.9,75.0,8,ENE,11,1018.3,Yes,Yes
2024-02-28,20.4,29.4,1.6,0.8,5.9,NE,48.0,24.3,81.0,6,NE,20,1019.7,28.2,69.0,6,NE,28,1016.5,Yes,No
2024-02-29,22.6,32.8,0.0,6.8,9.1,SSW,46.0,24.7,86.0,2,ESE,7,1013.2,30.1,67.0,6,E,19,1010.7,No,Yes
2024-03-1,21.9,27.9,0.2,8.0,0.8,S,41.0,23.6,85.0,8,S,6,1016.2,25.6,76.0,7,E,17,1013.0,Yes,No
2024-03-2,23.5,25.7,0.0,4.0,0.0,SSW,46.0,25.7,79.0,7,SSE,24,1012.1,22.3,91.0,8,SSW,11,1013.9,No,Yes
2024-03-3,18.8,31.0,1.8,3.4,10.7,SSE,39.0,20.5,90.0,5,W,11,1014.6,28.8,60.0,1,ENE,22,1010.1,Yes,No
2024-03-4,20.3,23.3,0.0,8.0,1.5,SSE,50.0,21.2,61.0,7,SSE,30,1021.7,22.0,59.0,7,SSE,20,1022.7,No,No
2024-03-5,16.3,26.6,0.0,8.0,10.7,ENE,35.0,17.9,80.0,1,WNW,13,1024.2,25.9,51.0,1,E,22,1020.8,No,No
2024-03-6,17.9,28.3,0.0,6.8,8.7,ENE,33.0,20.0,82.0,1,WNW,9,1021.1,27.4,63.0,7,ENE,20,1017.5,No,No
2024-03-7,20.0,28.1,0.0,6.0,9.6,SSW,43.0,23.3,87.0,1,SSW,17,1021.2,26.3,71.0,6,SSW,26,1021.7,No,No
2024-03-8,21.0,29.3,0.0,4.4,10.6,ENE,35.0,22.5,88.0,1,WNW,7,1025.2,29.1,57.0,1,NE,19,1023.6,No,No
2024-03-9,19.7,30.5,0.0,7.2,10.7,E,31.0,21.3,88.0,1,W,11,1026.5,29.7,53.0,1,ENE,20,1024.8,No,No
2024-03-10,19.9,29.6,0.0,8.6,10.6,NNE,37.0,21.1,91.0,1,WNW,11,1028.0,29.1,54.0,1,NE,22,1026.1,No,No
2024-03-11,19.9,29.4,0.0,9.6,8.8,NNE,35.0,21.3,91.0,2,W,9,1027.1,26.9,55.0,7,ENE,20,1023.9,No,No
2024-03-12,19.0,30.1,0.0,9.0,10.8,,,20.3,85.0,1,WNW,9,1019.6,29.9,56.0,1,E,15,1014.8,No,No
2024-03-13,20.3,30.1,0.0,7.0,7.4,NE,26.0,23.5,80.0,7,NNE,4,1017.8,26.3,59.0,7,E,20,1015.0,No,No
2024-03-14,20.2,32.0,0.0,6.2,6.6,SSE,54.0,21.4,81.0,1,ESE,4,1010.7,27.1,62.0,7,S,20,1009.1,No,Yes
2024-03-15,17.6,25.4,5.2,6.6,8.8,SE,46.0,20.9,65.0,7,SE,22,1019.8,25.0,56.0,6,SE,31,1020.6,Yes,Yes
2024-03-16,16.7,26.8,1.2,5.6,7.1,SSE,35.0,18.0,87.0,7,WNW,15,1022.6,25.6,59.0,6,ESE,15,1019.9,Yes,Yes
2024-03-17,17.5,22.8,36.4,7.0,0.4,NNE,31.0,17.7,96.0,8,NW,9,1017.6,21.3,78.0,8,ESE,15,1015.3,Yes,Yes
2024-03-18,17.7,26.4,0.8,1.2,2.4,ENE,39.0,19.6,86.0,7,W,13,1015.8,26.0,65.0,6,ESE,11,1014.4,Yes,Yes
2024-03-19,19.6,27.1,3.4,3.8,8.6,NNE,37.0,21.1,95.0,7,W,4,1017.4,26.1,68.0,3,ENE,20,1014.9,Yes,No
2024-03-20,21.0,25.0,0.0,8.0,0.6,SSE,65.0,22.7,86.0,7,W,19,1014.5,23.8,84.0,7,S,28,1016.6,No,Yes
2024-03-21,13.6,22.4,1.8,3.8,5.6,S,59.0,14.9,67.0,1,W,19,1029.2,20.6,54.0,8,SSE,22,1027.6,Yes,No
2024-03-22,14.9,24.5,0.0,6.8,4.9,E,28.0,17.5,76.0,7,W,17,1026.2,22.4,63.0,7,ENE,15,1023.5,No,Yes
2024-03-23,16.3,27.4,0.2,4.0,5.8,ESE,22.0,17.6,89.0,7,W,11,1023.9,25.4,58.0,7,ESE,17,1021.6,Yes,No
2024-03-24,17.6,27.3,0.0,4.0,7.4,E,26.0,19.9,86.0,7,WNW,6,1020.9,25.5,64.0,2,E,17,1018.2,No,No
2024-03-25,17.1,30.0,0.0,1.4,10.7,E,26.0,18.3,88.0,1,WNW,13,1019.4,29.6,47.0,1,NE,9,1016.3,No,No
2024-03-26,18.3,28.4,0.0,5.4,9.3,SSE,26.0,19.5,81.0,7,W,17,1020.5,27.1,60.0,1,ESE,15,1018.0,No,No
2024-03-27,19.0,26.4,0.0,6.8,9.3,SE,33.0,22.1,76.0,5,SSE,17,1024.0,25.3,58.0,1,SE,15,1023.1,No,Yes
2024-03-28,20.0,25.7,0.4,4.6,5.1,SE,31.0,21.8,83.0,7,SSE,15,1024.9,25.6,67.0,5,SE,19,1024.4,Yes,Yes
2024-03-29,17.8,26.7,1.0,4.6,9.2,E,22.0,19.3,93.0,3,WNW,11,1027.8,25.7,54.0,3,E,17,1026.0,Yes,No
2024-03-30,16.3,26.9,0.0,6.4,10.7,E,28.0,17.5,89.0,1,WNW,19,1026.5,25.9,67.0,1,E,22,1023.0,No,No
2024-03-31,17.1,27.5,0.0,4.8,8.4,ENE,22.0,18.0,96.0,3,WNW,11,1024.2,24.2,66.0,7,E,17,1020.4,No,No
2024-04-1,18.0,28.6,0.0,4.4,10.5,NE,41.0,19.1,90.0,1,WNW,2,1020.7,27.7,53.0,1,NE,20,1016.8,No,No
2024-04-2,19.1,25.3,0.0,5.4,3.7,NW,33.0,21.5,71.0,7,NE,4,1012.1,21.5,89.0,7,N,7,1009.3,No,Yes
2024-04-3,16.4,25.3,2.8,4.0,8.9,W,37.0,17.4,65.0,2,W,19,1018.3,22.5,68.0,5,SE,20,1018.8,Yes,No
2024-04-4,17.4,21.3,0.0,6.2,0.0,SSE,46.0,20.7,70.0,7,SSE,22,1023.8,18.1,91.0,8,ESE,13,1023.5,No,Yes
2024-04-5,17.8,20.5,111.0,4.4,0.0,ESE,70.0,19.1,97.0,8,SE,6,1024.8,17.5,97.0,8,S,17,1021.3,Yes,No
2024-04-6,17.4,28.5,,,9.5,E,87.0,19.5,98.0,6,NNW,9,1014.8,28.2,44.0,1,NW,15,1011.7,No,No
2024-04-7,17.7,27.9,0.0,6.6,7.8,NE,24.0,20.8,71.0,3,W,11,1012.1,25.3,55.0,4,ENE,11,1007.7,No,No
2024-04-8,16.4,25.5,0.0,4.6,8.4,SSE,30.0,20.7,73.0,7,SSW,15,1011.3,23.4,63.0,7,ESE,15,1009.4,No,No
2024-04-9,16.5,22.5,0.0,4.0,5.2,SW,57.0,19.5,70.0,7,WNW,11,1009.9,16.0,80.0,7,SSW,33,1009.7,No,Yes
2024-04-10,11.9,21.4,18.2,4.4,5.4,SW,63.0,14.8,61.0,7,WSW,15,1015.9,20.7,51.0,3,S,26,1015.0,Yes,No
2024-04-11,12.1,22.4,0.0,4.0,9.1,SSE,35.0,17.0,62.0,2,WNW,22,1020.3,21.5,49.0,3,S,20,1019.6,No,No
2024-04-12,13.0,24.7,0.0,4.2,,WNW,24.0,18.2,74.0,1,WNW,17,1022.5,23.6,51.0,1,E,13,1018.6,No,No
2024-04-13,14.4,25.0,0.0,5.8,10.1,ESE,24.0,18.6,79.0,1,WNW,11,1021.9,24.1,62.0,1,ESE,11,1020.0,No,No
2024-04-14,15.8,25.7,0.0,2.2,10.5,E,20.0,20.3,82.0,1,WNW,11,1023.5,24.1,66.0,1,E,13,1020.3,No,No
2024-04-15,16.4,26.2,0.0,3.6,9.4,W,26.0,20.1,78.0,1,WNW,15,1023.6,24.4,52.0,6,ESE,13,1020.9,No,No
2024-04-16,14.8,25.0,0.0,4.8,8.3,ESE,24.0,18.7,78.0,7,WNW,15,1024.5,23.5,64.0,1,ESE,19,1021.4,No,No
2024-04-17,16.3,23.3,0.0,4.0,8.4,S,33.0,20.7,81.0,3,S,22,1024.7,21.3,74.0,7,SSE,20,1021.4,No,Yes
2024-04-18,16.7,24.8,1.4,4.6,7.4,SSE,35.0,17.6,95.0,7,W,13,1018.5,20.2,86.0,7,SSE,15,1014.0,Yes,Yes
2024-04-19,12.2,22.5,7.4,1.2,5.6,S,44.0,16.5,68.0,2,W,17,1016.9,19.3,63.0,7,S,19,1017.7,Yes,Yes
2024-04-20,15.5,18.9,2.2,4.2,2.4,SSW,59.0,17.4,86.0,6,SSW,26,1024.1,18.0,85.0,7,SSW,26,1024.6,Yes,Yes
2024-04-21,14.5,21.6,12.8,3.6,8.6,SSW,37.0,16.6,77.0,3,W,17,1028.8,20.1,64.0,6,SSW,17,1027.0,Yes,No
2024-04-22,13.2,24.3,0.0,3.2,9.9,W,22.0,17.0,82.0,1,WNW,17,1029.2,23.6,58.0,3,E,11,1026.4,No,No
2024-04-23,14.0,25.7,0.0,3.4,,NE,33.0,17.8,84.0,1,WNW,17,1025.7,24.4,56.0,0,ENE,22,1020.0,No,No
2024-04-24,17.8,26.3,0.0,5.8,4.6,SSE,57.0,20.9,54.0,7,NNW,20,1016.5,25.6,40.0,2,SSW,11,1015.3,No,No
2024-04-25,12.5,22.4,0.0,4.4,10.3,ESE,31.0,17.2,66.0,1,WNW,17,1020.7,21.4,46.0,1,SSE,13,1019.0,No,No
2024-04-26,11.5,21.2,0.0,4.6,10.4,SW,39.0,16.0,64.0,1,W,19,1024.0,20.8,51.0,1,SSE,22,1022.9,No,No
2024-04-27,12.0,23.4,0.0,3.2,6.2,W,28.0,16.5,73.0,6,W,20,1027.9,22.7,58.0,2,ESE,11,1025.7,No,No
2024-04-28,13.5,24.9,0.0,2.6,9.2,NE,31.0,17.3,87.0,1,WNW,13,1027.6,24.0,59.0,2,NE,19,1023.3,No,No
2024-04-29,14.4,27.7,0.0,4.6,9.1,W,28.0,17.3,83.0,6,WNW,13,1024.5,25.2,59.0,7,E,11,1020.8,No,No
2024-04-30,17.2,19.8,0.0,4.0,0.9,SSE,52.0,19.0,81.0,7,SSW,15,1025.4,17.1,86.0,8,SSW,24,1025.3,No,Yes
2024-05-1,12.9,18.9,22.8,,5.1,SSW,46.0,13.8,90.0,8,W,20,1030.4,17.9,79.0,6,SSW,24,1028.6,Yes,Yes
2024-05-2,12.9,19.8,23.2,,3.0,W,30.0,15.0,93.0,7,W,17,1031.6,19.2,67.0,7,S,15,1029.3,Yes,Yes
2024-05-3,13.6,16.8,6.8,,0.0,SSW,28.0,14.8,96.0,7,W,17,1029.9,16.1,93.0,8,SSW,9,1027.2,Yes,Yes
2024-05-4,13.7,19.5,18.6,1.0,1.1,SSE,30.0,14.7,98.0,7,W,15,1025.4,17.2,87.0,7,SSW,13,1022.4,Yes,Yes
2024-05-5,14.7,19.2,21.4,3.2,0.1,SE,44.0,15.3,96.0,8,WSW,7,1022.4,16.3,91.0,8,SSW,11,1020.9,Yes,Yes
2024-05-6,15.2,22.3,31.2,0.0,7.6,ESE,57.0,19.1,64.0,4,SE,26,1026.7,21.4,51.0,6,SE,26,1028.0,Yes,Yes
2024-05-7,13.8,23.3,3.0,4.8,2.6,ESE,39.0,15.5,95.0,7,W,17,1030.8,17.6,82.0,7,S,6,1029.1,Yes,Yes
2024-05-8,13.6,21.3,8.8,,4.8,E,37.0,17.4,91.0,7,WNW,7,1031.3,19.2,75.0,7,ESE,20,1028.8,Yes,Yes
2024-05-9,14.6,20.1,8.4,,1.6,ESE,24.0,17.1,92.0,7,W,15,1031.9,19.4,76.0,7,SE,7,1029.9,Yes,Yes
2024-05-10,14.9,19.8,5.2,,1.7,SE,31.0,16.0,97.0,8,WNW,13,1030.7,19.2,85.0,7,S,9,1027.6,Yes,Yes
2024-05-11,15.6,17.1,21.6,,0.0,ESE,33.0,15.8,96.0,8,NNW,4,1026.9,16.1,92.0,8,NNE,6,1024.0,Yes,Yes
2024-05-12,14.3,22.5,31.2,3.2,2.4,W,39.0,15.2,98.0,8,WNW,15,1021.1,19.4,72.0,7,SSW,13,1017.7,Yes,Yes
2024-05-13,14.5,21.3,10.6,0.8,5.7,SSW,56.0,16.4,93.0,7,W,22,1019.3,20.3,70.0,5,SSW,22,1019.4,Yes,Yes
2024-05-14,12.8,23.1,0.2,1.4,9.6,W,28.0,16.5,78.0,1,WNW,22,1025.2,22.3,52.0,1,ESE,13,1024.2,Yes,No
2024-05-15,13.0,,0.0,2.4,8.7,WNW,20.0,16.6,84.0,6,WNW,17,1029.4,20.0,67.0,1,E,11,1025.8,No,No
2024-05-16,12.4,22.6,,3.0,4.9,W,22.0,15.1,84.0,7,WNW,17,1029.7,22.0,61.0,6,E,6,1026.8,No,No
2024-05-17,13.1,23.7,,3.0,9.1,W,22.0,16.1,92.0,1,WNW,17,1025.3,23.2,51.0,1,NNW,4,1020.2,No,Yes
2024-05-18,12.7,15.9,0.6,2.8,4.4,SSW,69.0,13.7,62.0,6,SW,24,1022.9,13.8,72.0,5,SW,31,1022.3,Yes,Yes
2024-05-19,8.7,20.0,4.4,3.8,9.0,W,41.0,11.8,59.0,2,W,28,1022.5,19.3,35.0,1,WSW,17,1019.5,Yes,No
2024-05-20,8.7,18.5,0.0,3.4,5.2,SSW,43.0,13.9,56.0,5,WNW,26,1022.7,16.9,64.0,7,SSW,26,1022.1,No,Yes
2024-05-21,11.5,18.7,0.8,1.6,7.3,SSW,48.0,15.0,73.0,7,W,17,1027.2,18.0,63.0,4,S,26,1025.5,Yes,Yes
2024-05-22,9.2,20.7,0.2,2.2,9.1,W,30.0,13.6,71.0,1,WNW,22,1027.2,18.9,44.0,1,SSE,11,1024.0,Yes,No
2024-05-23,8.9,21.3,0.0,3.6,9.4,W,35.0,13.2,70.0,1,W,22,1027.4,20.8,43.0,4,NW,4,1025.2,No,No
2024-05-24,9.5,21.9,0.0,2.2,8.6,W,28.0,13.7,76.0,3,W,19,1027.6,20.7,54.0,7,SE,11,1025.4,No,No
2024-05-25,10.9,19.0,0.0,3.2,2.9,WNW,26.0,13.2,84.0,7,W,17,1028.6,17.6,70.0,7,WNW,7,1025.6,No,No
2024-05-26,11.1,22.1,0.0,0.2,9.4,W,24.0,13.7,86.0,1,W,15,1025.9,20.5,59.0,1,ESE,13,1022.7,No,No
2024-05-27,10.2,21.3,0.0,3.0,9.5,W,30.0,13.8,76.0,1,W,24,1025.4,19.6,51.0,1,S,13,1024.1,No,No
2024-05-28,9.7,22.4,0.0,2.4,9.1,WNW,26.0,12.7,82.0,0,W,20,1028.8,20.7,58.0,0,E,13,1026.0,No,No
2024-05-29,9.4,21.3,0.0,1.4,9.3,WNW,22.0,13.1,87.0,0,WNW,15,1029.5,20.2,68.0,0,ENE,15,1025.4,No,No
2024-05-30,10.8,24.2,0.0,2.6,8.3,NNW,31.0,14.2,90.0,1,WNW,13,1026.7,23.0,48.0,7,NNE,11,1021.9,No,No
2024-05-31,14.2,20.8,0.0,4.4,0.0,NNW,43.0,19.7,60.0,7,N,19,1017.6,20.4,65.0,7,N,26,1014.5,No,No
